round,game,votes,player,club
0,SYD vs MEL,1,I. Heeney,SYD
0,SYD vs MEL,2,B. Grundy,SYD
0,SYD vs MEL,3,J. Viney,MEL
0,CAR vs BRI,1,H. McKay,CAR
0,CAR vs BRI,2,P. Cripps,CAR
0,CAR vs BRI,3,D. Zorko,BRI
0,GC vs RICH,1,M. Rowell,GC
0,GC vs RICH,2,W. Powell,GC
0,GC vs RICH,3,B. King,GC
0,COL vs GWS,1,D. Cameron,COL
0,COL vs GWS,2,L. Whitfield,GWS
0,COL vs GWS,3,N. Daicos,COL
1,CAR vs RICH,1,T. De Koning,CAR
1,CAR vs RICH,2,N. Vlastuin,RICH
1,CAR vs RICH,3,N. Balata,RICH
1,SYD vs COL,1,L. McDonald,SYD
1,SYD vs COL,2,I. Heeney*,SYD
1,SYD vs COL,3,N. Daicos,COL
1,ESS vs HAW,1,J. Stringer,ESS
1,ESS vs HAW,2,J. Worpel,HAW
1,ESS vs HAW,3,A. Perkins,ESS
1,GWS vs NM,1,J. Hogan,GWS
1,GWS vs NM,2,H. Sheezel,NM
1,GWS vs NM,3,Tom Green,GWS
1,STK vs GEEL,1,M. King,STK
1,STK vs GEEL,2,O. Dempsey,GEEL
1,STK vs GEEL,3,P. Dangerfield,GEEL
1,ADE vs GC,1,J. Rachele,ADE
1,ADE vs GC,2,M. Rowell,GC
1,ADE vs GC,3,N. Anderson,GC
1,MEL vs WB,1,C. Petracca,MEL
1,MEL vs WB,2,J. Billings,MEL
1,MEL vs WB,3,C. Oliver,MEL
1,PA vs WC,1,C. Dixon,PA
1,PA vs WC,2,Z. Butters,PA
1,PA vs WC,3,C. Rozee,PA
1,FRE vs BRI,1,J. Amiss,FRE
1,FRE vs BRI,2,J. Daniher,BRI
1,FRE vs BRI,3,C. Serong,FRE
2,COL vs STK,1,P. Lipinski,COL
2,COL vs STK,2,J. Daicos,COL
2,COL vs STK,3,N. Wanganeen-Milera,STK
2,GEEL vs ADE,1,T. Hawkins,GEE
2,GEEL vs ADE,2,G. Miers,GEEL
2,GEEL vs ADE,3,M. Crouch,ADE
2,NM vs FRE,1,L. Jackson,FRE
2,NM vs FRE,2,H. Sheezel,NM
2,NM vs FRE,3,C. Serong,FRE
2,HAW vs MEL,1,J. Sicily,HAW
2,HAW vs MEL,2,B. Fritsch,MEL
2,HAW vs MEL,3,C. Petracca,MEL
2,ESS vs SYD,1,T. Papley,SYD
2,ESS vs SYD,2,I. Heeney*,SYD
2,ESS vs SYD,3,Z. Merrett,ESS
2,WB vs GC,1,T. Miller,GC
2,WB vs GC,2,C. Weightman,WB
2,WB vs GC,3,M. Bontempelli,WB
2,RICH vs PA,1,T. Taranto,RICH
2,RICH vs PA,2,C. Rozee,PA
2,RICH vs PA,3,Z. Butters,PA
2,WC vs GWS,1,J. Kelly,GWS
2,WC vs GWS,2,Tom Green,GWS
2,WC vs GWS,3,L. Whitfield,GWS
3,BRI vs COL,1,H. McCluggage,BRI
3,BRI vs COL,2,N. Daicos,COL
3,BRI vs COL,3,L. Neale,BRI
3,NM vs CAR,1,H. McKay,CAR
3,NM vs CAR,2,T. Powell,NM
3,NM vs CAR,3,H. Sheezel,NM
3,FRE vs ADE,1,C. Serong,FRE
3,FRE vs ADE,2,M. Walters,FREE
3,FRE vs ADE,3,H. Young,FRE
3,ESS vs STK,1,R. Marshall,STK
3,ESS vs STK,2,R. Bonner,STK
3,ESS vs STK,3,N. Martin,ESS
3,PA vs MEL,1,C. Rozee,PA
3,PA vs MEL,2,T. Rivers,MEL
3,PA vs MEL,3,M. Gawn,MEL
3,WB vs WC,1,T. English,WB
3,WB vs WC,2,E. Yeo,WC
3,WB vs WC,3,A. Treloar,WB
3,RICH vs SYD,1,I. Heeney*,SYD
3,RICH vs SYD,2,J. Lloyd,SYD
3,RICH vs SYD,3,T. Taranto,RICH
3,HAW vs GEEL,1,L. Meek,HAW
3,HAW vs GEEL,2,M. Duncan,GEEL
3,HAW vs GEEL,3,J. Worpel,HAW
4,ADE vs MEL,1,M. Gawn,MEL
4,ADE vs MEL,2,M. Crouch,ADE
4,ADE vs MEL,3,C. Petracca,MEL
4,BRI vs NM,1,H. Sheezel,NM
4,BRI vs NM,2,H. McCluggage,BRI
4,BRI vs NM,3,J. Daniher,BRI
4,PA vs ESS,1,N. Martin,ESS
4,PA vs ESS,2,Z. Merrett,ESS
4,PA vs ESS,3,C. Rozee,PA
4,WC vs SYD,1,B. Grundy,SYD
4,WC vs SYD,2,L. Duggan,WC
4,WC vs SYD,3,E. Gulden,SYD
4,FRE vs CAR,1,J. Clark,FRE
4,FRE vs CAR,2,J. Sharp,FRE
4,FRE vs CAR,3,A. Brayshaw,FRE
4,WB vs GEEL,1,J. Cameron,GEEL
4,WB vs GEEL,2,M. Bontempelli,WB
4,WB vs GEEL,3,A. Treloar,WB
4,GC vs GWS,1,J. Cameron,GEEL
4,GC vs GWS,2,M. Bontempelli,WB
4,GC vs GWS,3,A. Treloar,WB
4,RICH vs STK,1,D. Martin,RICH
4,RICH vs STK,2,T. Nankervis,RICH
4,RICH vs STK,3,J. Steele,STK
4,HAW vs COL,1,J. Newcombe,HAW
4,HAW vs COL,2,J. Daicos,COL
4,HAW vs COL,3,J. De Goey,COL
5,MEL vs BRI,1,D. Zorko,BRI
5,MEL vs BRI,2,J. Dunkley,BRI
5,MEL vs BRI,3,M. Gawn,MEL
5,WB vs ESS,1,N. Martin,ESS
5,WB vs ESS,2,A. Treloar,WB
5,WB vs ESS,3,X. Duursma,ESS
5,GWS vs STK,1,J. Steele,STK
5,GWS vs STK,2,L. Whitfield,GWS
5,GWS vs STK,3,B. Hill,STK
5,CAR vs ADE,1,B. Acres,CAR
5,CAR vs ADE,2,B. Keays,ADE
5,CAR vs ADE,3,S. Walsh,CAR
5,GC vs HAW,1,K. Amon,HAW
5,GC vs HAW,2,N. Anderson,GC
5,GC vs HAW,3,S. Flanders,GC
5,PA vs FRE,1,Z. Butters,PA
5,PA vs FRE,2,D. Houston,PA
5,PA vs FRE,3,C. Serong,FRE
5,GEEL vs NM,1,L. Davies-Uniacke,NM
5,GEEL vs NM,2,J. Cameron,GEEL
5,GEEL vs NM,3,H. Sheezel,NM
5,WC vs RICH,1,E. Yeo,WC
5,WC vs RICH,2,J. Kelly,WC
5,WC vs RICH,3,J. Waterman,WC
6,STK vs WB,1,A. Naughton,WB
6,STK vs WB,2,A. Treloar,WB
6,STK vs WB,3,B. Dale,WB
6,ADE vs ESS,1,N. Martin,ESS
6,ADE vs ESS,2,J. Soligo,ADE
6,ADE vs ESS,3,J. Dawson,ADE
6,COL vs PA,1,P. Lipinski,COL
6,COL vs PA,2,N. Daicos,COL
6,COL vs PA,3,Z. Butters,PA
6,CAR vs GWS,1,S. Walsh,CAR
6,CAR vs GWS,2,J. Kelly,GWS
6,CAR vs GWS,3,P. Cripps,CAR
6,BRI vs GEEL,1,J. Dunkley,BRI
6,BRI vs GEEL,2,J. Berry,BRI
6,BRI vs GEEL,3,D. Zorko,BRI
6,WC vs FRE,1,J. Waterman,WC
6,WC vs FRE,2,E. Yeo,WC
6,WC vs FRE,3,C. Serong,FRE
6,SYD vs GC,1,J. Witts,GC
6,SYD vs GC,2,I. Heeney,SYD
6,SYD vs GC,3,S. Flanders,GC
6,NM vs HAW,1,H. Sheezel,NM
6,NM vs HAW,2,D. Moore,HAW
6,NM vs HAW,3,C. Nash,HAW
7,RICH vs MEL,1,M. Rioli,RICH
7,RICH vs MEL,2,T. Rivers,MEL
7,RICH vs MEL,3,M. Gawn,MEL
7,ESS vs COL,1,N. Martin,ESS
7,ESS vs COL,2,Z. Merrett,ESS
7,ESS vs COL,3,A. McGrath,ESS
7,GWS vs BRI,1,H. McCluggage,BRI
7,GWS vs BRI,2,F. Callaghan,GWS
7,GWS vs BRI,3,Tom Green,GWS
7,PA vs STK,1,C. Dixon,PA
7,PA vs STK,2,O. Wines,PA
7,PA vs STK,3,J. Sinclair,STK
7,NM vs ADE,1,H. Sheezel,NM
7,NM vs ADE,2,L. Davies-Uniacke,NM
7,NM vs ADE,3,R. Laird,ADE
7,GEEL vs CAR,1,J. Cameron,GEEL
7,GEEL vs CAR,2,S. Walsh,CAR
7,GEEL vs CAR,3,P. Cripps,CAR
7,FRE vs WB,1,C. Serong,FRE
7,FRE vs WB,2,T. English,WB
7,FRE vs WB,3,N. Fyfe,FRE
7,GC vs WC,1,M. Rowell,GC
7,GC vs WC,2,J. Witts,GC
7,GC vs WC,3,N. Anderson,GC
7,HAW vs SYD,1,D. Moore,HAW
7,HAW vs SYD,2,O. Florent,SYD
7,HAW vs SYD,3,N. Blakey,SYD
8,ADE vs PA,1,O. Wines,PA
8,ADE vs PA,2,J. Soligo,ADE
8,ADE vs PA,3,Z. Butters,PA
8,CAR vs COL,1,B. Acres,CAR
8,CAR vs COL,2,N. Newman,CAR
8,CAR vs COL,3,N. Daicos,COL
8,SYD vs GWS,1,E. Gulden,SYD
8,SYD vs GWS,2,B. Grundy,SYD
8,SYD vs GWS,3,C. Warner,SYD
8,STK vs NM,1,Z. Fisher,STK
8,STK vs NM,2,N. Wanganeen-Milera,STK
8,STK vs NM,3,J. Sinclair,STK
8,MEL vs GEEL,1,T. Atkins,GEEL
8,MEL vs GEEL,2,C. Oliver,MEL
8,MEL vs GEEL,3,M. Holmes,GEEL
8,WC vs ESS,1,N. Martin,ESS
8,WC vs ESS,2,Z. Merrett,ESS
8,WC vs ESS,3,D. Parish,ESS
8,RICH vs FRE,1,H. Young,FRE
8,RICH vs FRE,2,C. Serong,FRE
8,RICH vs FRE,3,L. Ryan,FRE
8,WB vs HAW,1,T. English,WB
8,WB vs HAW,2,A. Treloar,WB
8,WB vs HAW,3,J. Impey,HAW
8,BRI vs GC,1,J. Dunkley,BRI
8,BRI vs GC,2,L. Neale,BRI
8,BRI vs GC,3,D. Zorko,BRI
9,CAR vs MEL,1,C. Petracca,MEL
9,CAR vs MEL,2,P. Cripps,CAR
9,CAR vs MEL,3,S. Walsh,CAR
9,GEEL vs PA,1,J. Horne-Francis,PA
9,GEEL vs PA,2,Z. Butters,PA
9,GEEL vs PA,3,O. Wines,PA
9,FRE vs SYD,1,C. Serong,FRE
9,FRE vs SYD,2,O. Florent,SYD
9,FRE vs SYD,3,J. Sharp,FRE
9,HAW vs STK,1,R. Bonner,STK
9,HAW vs STK,2,J. Newcombe,HAW
9,HAW vs STK,3,R. Marshall,STK
9,ESS vs GWS,1,Tom Green,GWS
9,ESS vs GWS,2,M. Redman,ESS
9,ESS vs GWS,3,N. Martin,ESS
9,RICH vs WB,1,A. Naughton,WB
9,RICH vs WB,2,E. Richards,WB
9,RICH vs WB,3,A. Treloar,WB
9,GC vs NM,1,M. Andrew,GC
9,GC vs NM,2,T. Miller,GC
9,GC vs NM,3,L. Davies-Uniacke,NM
9,COL vs WC,1,J. Daicos,COL
9,COL vs WC,2,J. Crisp,COL
9,COL vs WC,3,N. Daicos,COL
9,ADE vs BRI,1,R. O'Brien,ADE
9,ADE vs BRI,2,H. McCluggage,BRI
9,ADE vs BRI,3,J. Berry,BRI
10,GC vs GEEL,1,S. Flanders,GC
10,GC vs GEEL,2,M. Rowell,GC
10,GC vs GEEL,3,N. Anderson,GC
10,SYD vs CAR,1,N. Newman,CAR
10,SYD vs CAR,2,I. Heeney,SYD
10,SYD vs CAR,3,C. Warner,SYD
10,COL vs ADE,1,M. Crouch,ADE
10,COL vs ADE,2,S. Pendlebury,COL
10,COL vs ADE,3,N. Daicos,COL
10,WB vs GWS,1,L. Whitfield,GWS
10,WB vs GWS,2,A. Treloar,WB
10,WB vs GWS,3,H. Himmleberg,GWS
10,STK vs FRE,1,C. Serong,FRE
10,STK vs FRE,2,N. Wanganeen-Milera,STK
10,STK vs FRE,3,R. Marshall,STK
10,BRI vs RICH,1,J. Daniher,BRI
10,BRI vs RICH,2,L. Neale,BRI
10,BRI vs RICH,3,D. Zorko,BRI
10,ESS vs NM,1,Z. Fisher,NM
10,ESS vs NM,2,L. Davies-Uniacke,NM
10,ESS vs NM,3,H. Sheezel,NM
10,PA vs HAW,1,Z. Butters,PA
10,PA vs HAW,2,B. Hardwick,HAW
10,PA vs HAW,3,J. Horne-Francis,PA
10,WC vs MEL,1,J. Darling,WC
10,WC vs MEL,2,T. Kelly,WC
10,WC vs MEL,3,J. Waterman,WC
11,WB vs SYD,1,C. Warner,SYD
11,WB vs SYD,2,E. Gulden,SYD
11,WB vs SYD,3,M. Bontempelli,WB
11,FRE vs COL,1,L. Ryan,FRE
11,FRE vs COL,2,J. Clark,FRE
11,FRE vs COL,3,N. Daicos,COL
11,NM vs PA,1,Z. Fisher,NM
11,NM vs PA,2,T. Xerri,NM
11,NM vs PA,3,L. Davies-Uniacke,NM
11,CAR vs GC,1,J. Witts,GC
11,CAR vs GC,2,S. Walsh,CAR
11,CAR vs GC,3,P. Cripps,CAR
11,GEEL vs GWS,1,Tom Green,GWS
11,GEEL vs GWS,2,T. Greene,GWS
11,GEEL vs GWS,3,M. Holmes,GEEL
11,RICH vs ESS,1,D.Martin,RICH
11,RICH vs ESS,2,Z. Merrett,ESS
11,RICH vs ESS,3,J. Ridley,ESS
11,HAW vs BRI,1,W. Day,HAW
11,HAW vs BRI,2,L. Neale,BRI
11,HAW vs BRI,3,K. Amon,HAW
11,MEL vs STK,1,C. Salem,MEL
11,MEL vs STK,2,J. Steele,STK
11,MEL vs STK,3,M. Gawn,MEL
11,ADE vs WC,1,R. O'Brien,ADE
11,ADE vs WC,2,J. Dawson,ADE
11,ADE vs WC,3,L. Sholl,ADE
12,PA vs CAR,1,Z. Butters,PA
12,PA vs CAR,2,S. Walsh,CAR
12,PA vs CAR,3,N. Newman,CAR
12,COL vs WB,1,N. Daicos,COL
12,COL vs WB,2,A. Treloar,WB
12,COL vs WB,3,M. Bontempelli,WB
12,HAW vs ADE,1,J. Ginnivan,HAW
12,HAW vs ADE,2,M. Crouch,ADE
12,HAW vs ADE,3,D. Moore,HAW
12,WC vs STK,1,R. Marshall,STK
12,WC vs STK,2,E. Yeo,WC
12,WC vs STK,3,M. Wood,STK
12,GEEL vs RICH,1,O. Dempsey,GEEL
12,GEEL vs RICH,2,L. Baker,RICH
12,GEEL vs RICH,3,J. Bowes,GEEL
12,MEL vs FRE,1,M. Gawn,MEL
12,MEL vs FRE,2,L. Ryan,FRE
12,MEL vs FRE,3,J. Clark,FRE
12,GC vs ESS,1,S. Flanders,GC
12,GC vs ESS,2,N. Anderson,GC
12,GC vs ESS,3,Z. Merrett,ESS
13,ADE vs RICH,1,T. Nankervis,RlCH
13,ADE vs RICH,2,J. Dawson,ADE
13,ADE vs RICH,3,J. Short,RICH
13,WB vs BRI,1,A. Treloar,WB
13,WB vs BRI,2,E. Hipwood,BRI
13,WB vs BRI,3,L. Neale,BRI
13,HAW vs GWS,1,B. Daniels,GWS
13,HAW vs GWS,2,K. Briggs,GWS
13,HAW vs GWS,3,L. Whitfield,GWS
13,WC vs NM,1,N. Larkey,NM
13,WC vs NM,2,Z. Fisher,NM
13,WC vs NM,3,J. Simpkin,NM
13,STK vs GC,1,R. Marshall,STK
13,STK vs GC,2,J. Sinclair,STK
13,STK vs GC,3,S. Flanders,GC
13,SYD vs GEEL,1,B. Grundy,SYD
13,SYD vs GEEL,2,I. Heeney,SYD
13,SYD vs GEEL,3,E. Gulden,SYD
13,ESS vs CAR,1,S. Durham,CAR
13,ESS vs CAR,2,G. Hewett,CAR
13,ESS vs CAR,3,N. Martin,ESS
13,COL vs MEL,1,B. Maynard,COL
13,COL vs MEL,2,M. Gawn,MEL
13,COL vs MEL,3,J. Daicos,COL
14,BRI vs STK,1,J. Daniher,BRI
14,BRI vs STK,2,D. Zorko,BRI
14,BRI vs STK,3,H. McCluggage,BRI
14,WB vs FRE,1,L. Bramble,WB
14,WB vs FRE,2,T. English,WB
14,WB vs FRE,3,M. Bontempelli,WB
14,RICH vs HAW,1,J. Newcombe,HAW
14,RICH vs HAW,2,J. Sicily,HAW
14,RICH vs HAW,3,T. Taranto,RICH
14,ADE vs SYD,1,E. Gulden,SYD
14,ADE vs SYD,2,B. Grundy,SYD
14,ADE vs SYD,3,J. Amartey,SYD
14,NM vs COL,1,L. Davies-Uniacke,NM
14,NM vs COL,2,T. Xerri,NM
14,NM vs COL,3,G. Wardlaw,NM
14,GWS vs PA,1,J. Kelly,GWS
14,GWS vs PA,2,K. Farrell,PA
14,GWS vs PA,3,D. Houston,PA
15,CAR vs GEEL,1,M. Kennedy,CAR
15,CAR vs GEEL,2,P. Cripps,CAR
15,CAR vs GEEL,3,T. De Koning,CAR
15,PA vs BRI,1,O. McInerney,BRI
15,PA vs BRI,2,L. Neale,BRI
15,PA vs BRI,3,Z. Butters,PA
15,GWS vs SYD,1,Tom Green,GWS
15,GWS vs SYD,2,B. Grundy,SYD
15,GWS vs SYD,3,E. Gulden,SYD
15,MEL vs NM,1,E. Ford,NM
15,MEL vs NM,2,L. Davies-Uniacke,NM
15,MEL vs NM,3,H. Sheezel,NM
15,ESS vs WC,1,Z. Merrett,ESS
15,ESS vs WC,2,J. Stringer,ESS
15,ESS vs WC,3,J. Laverde,ESS
15,FRE vs GC,1,S. Darcy,FRE
15,FRE vs GC,2,T. Miller,GC
15,FRE vs GC,3,A. Brayshaw,FRE
16,BRI vs MEL,1,L. Neale,BRI
16,BRI vs MEL,2,C. Oliver,MEL
16,BRI vs MEL,3,J. Dunkley,BRI
16,NM vs WB,1,H. Sheezel,NM
16,NM vs WB,2,T. Xerri,NM
16,NM vs WB,3,M. Bontempelli,WB
16,SYD vs FRE,1,J. Sharp,FRE
16,SYD vs FRE,2,C. Serong,FRE
16,SYD vs FRE,3,N. Blakey,SYD
16,GC vs COL,1,B. Ainsworth,GC
16,GC vs COL,2,N. Daicos,COL
16,GC vs COL,3,N. Anderson,GC
16,ADE vs GWS,1,Tom Green,GWS
16,ADE vs GWS,2,I. Rankine,ADE
16,ADE vs GWS,3,L. Whitfield,GWS
16,GEEL vs ESS,1,J. Bowes,GEEL
16,GEEL vs ESS,2,O. Dempsey,GEEL
16,GEEL vs ESS,3,J. Caldwell,ESS
16,STK vs PA,1,J. Horne-Francis,PA
16,STK vs PA,2,R. Marshall,STK
16,STK vs PA,3,J. Sinclair,STK
16,RICH vs CAR,1,S. Walsh,CAR
16,RICH vs CAR,2,N. Newman,CAR
16,RICH vs CAR,3,P. Cripps,CAR
16,WC vs HAW,1,J. Newcombe,HAW
16,WC vs HAW,2,L. Duggan,WC
16,WC vs HAW,3,D. Moore,HAW
17,COL vs ESS,1,J. Crisp,COL
17,COL vs ESS,2,S. Sidebottom,COL
17,COL vs ESS,3,J. Caldwell,ESS
17,NM vs GC,1,C. Mckercher,NM
17,NM vs GC,2,N. Anderson,GC
17,NM vs GC,3,H. Sheezel,NM
17,PA vs WB,1,Z. Butters,PA
17,PA vs WB,2,A. Treloar,WB
17,PA vs WB,3,C. Rozee,PA
17,GEEL vs HAW,1,J. Worpel,HAW
17,GEEL vs HAW,2,D. Moore,HAW
17,GEEL vs HAW,3,T. Stewart,GEEL
17,GWS vs CAR,1,K. Briggs,GWS
17,GWS vs CAR,2,Tom Green,GWS
17,GWS vs CAR,3,P. Cripps,CAR
17,FRE vs RICH,1,H. Young,FRE
17,FRE vs RICH,2,T. Nankervis,RICH
17,FRE vs RICH,3,A. Brayshaw,FRE
17,MEL vs WC,1,J. Van Rooyen,MEL
17,MEL vs WC,2,C. Windsor,MEL
17,MEL vs WC,3,T. Rivers,MEL
17,STK vs SYD,1,R. Marshall,STK
17,STK vs SYD,2,C. Wilkie,STK
17,STK vs SYD,3,M. Phillipou,STK
17,BRI vs ADE,1,D. Zorko,BRI
17,BRI vs ADE,2,J. Dunkley,BRI
17,BRI vs ADE,3,L. Neale,BRI
18,COL vs GEEL,1,J. De Goey,COL
18,COL vs GEEL,2,L. Humphries,GEEL
18,COL vs GEEL,3,D. Cameron,COL
18,HAW vs FRE,1,J. Clark,FRE
18,HAW vs FRE,2,L. Meek,HAW
18,HAW vs FRE,3,L. Jackson,FRE
18,SYD vs NM,1,B. Grundy,SYD
18,SYD vs NM,2,C. Warner,SYD
18,SYD vs NM,3,E. Gulden,SYD
18,WB vs CAR,1,J. Ugle-Hagan,WB
18,WB vs CAR,2,B. Dale,WB
18,WB vs CAR,3,P. Cripps,CAR
18,ADE vs STK,1,R. Laird,ADE
18,ADE vs STK,2,B. Keays,ADE
18,ADE vs STK,3,R. Marshall,STK
18,MEL vs ESS,1,J. Ridley,ESS
18,MEL vs ESS,2,E. Langdon,MEL
18,MEL vs ESS,3,N. Martin,ESS
18,GC vs PA,1,N. Anderson,GC
18,GC vs PA,2,S. Flanders,GC
18,GC vs PA,3,Z. Butters,PA
18,RICH vs GWS,1,Tom Green,GWS
18,RICH vs GWS,2,K. Briggs,GWS
18,RICH vs GWS,3,L. Whitfield,GWS
18,WC vs BRI,1,L. Ryan,WC
18,WC vs BRI,2,H. McCluggage,BRI
18,WC vs BRI,3,L. Neale,BRI
19,ESS vs ADE,1,K. Langford,ESS
19,ESS vs ADE,2,Z. Merrett,ESS
19,ESS vs ADE,3,B. Keays,ADE
19,GWS vs GC,1,H. Perryman,GWS
19,GWS vs GC,2,S. Flanders,GC
19,GWS vs GC,3,L. Whitfield,GWS
19,STK vs WC,1,L. Hunt,WC
19,STK vs WC,2,J. Steele,STK
19,STK vs WC,3,T. Membery,STK
19,HAW vs COL,1,J. Sicily,HAW
19,HAW vs COL,2,M. D'Ambrosio,HAW
19,HAW vs COL,3,J. Ginnivan,HAW
19,GEEL vs WB,1,T. Stewart,GEEL
19,GEEL vs WB,2,E. Richards,WB
19,GEEL vs WB,3,A. Treloar,WB
19,PA vs RICH,1,C. Dixon,PA
19,PA vs RICH,2,C. Rozee,PA
19,PA vs RICH,3,D. Rioli,RICH
19,BRI vs SYD,1,H. McCluggage,BRI
19,BRI vs SYD,2,D. Zorko,BRI
19,BRI vs SYD,3,E. Gulden,SYD
19,FRE vs MEL,1,J. Treacy,FRE
19,FRE vs MEL,2,A. Brayshaw,FRE
19,FRE vs MEL,3,C. Serong,FRE
19,CAR vs NM,1,C. Curnow,CAR
19,CAR vs NM,2,B. Scott,NM
19,CAR vs NM,3,H. Sheezel,NM
20,CAR vs PA,1,N. Newman,CAR
20,CAR vs PA,2,J. Horne-Francis,PA
20,CAR vs PA,3,C. Curnow,CAR
20,NM vs GEEL,1,T. Stewart,GEEL
20,NM vs GEEL,2,H. Sheezel,NM
20,NM vs GEEL,3,T. Xerri,NM
20,GC vs BRI,1,S. Flanders,GC
20,GC vs BRI,2,L. Neale,BRI
20,GC vs BRI,3,D. Zorko,BRI
20,STK vs ESS,1,N. Wanganeen-Milera,STK
20,STK vs ESS,2,C. Sharman,STK
20,STK vs ESS,3,R. Marshall,STK
20,MEL vs GWS,1,B. Daniels,GWS
20,MEL vs GWS,2,L. Whitfield,GWS
20,MEL vs GWS,3,F. Callaghan,GWS
20,FRE vs WC,1,T. Kelly,WC
20,FRE vs WC,2,C. Serong,FRE
20,FRE vs WC,3,A. Brayshaw,FRE
20,COL vs RICH,1,D. Cameron,COL
20,COL vs RICH,2,N. Broad,RICH
20,COL vs RICH,3,N. Daicos,COL
20,SYD vs WB,1,I. Heeney,SYD
20,SYD vs WB,2,A. Treloar,WB
20,SYD vs WB,3,M. Roberts,SYD
20,ADE vs HAW,1,J. Newcombe,HAW
20,ADE vs HAW,2,L. Sholl,ADE
20,ADE vs HAW,3,C. MacDonald,HAW
21,WB vs MEL,1,M. Gawn,MEL
21,WB vs MEL,2,A. Treloar,WB
21,WB vs MEL,3,M. Bontempelli,WB
21,WC vs GC,1,N. Anderson,GC
21,WC vs GC,2,J. Darling,WC
21,WC vs GC,3,J. Witts,GC
21,NM vs RICH,1,B. Scott,NM
21,NM vs RICH,2,T. Xerri,NM
21,NM vs RICH,3,L. Davies-Uniacke,NM
21,GEEL vs ADE,1,R. O'Brien,ADE
21,GEEL vs ADE,2,T. Stewart,GEEL
21,GEEL vs ADE,3,J. Cameron,GEEL
21,COL vs CAR,1,P. Cripps,CAR
21,COL vs CAR,2,S. Walsh,CAR
21,COL vs CAR,3,N. Newman,CAR
21,PA vs SYD,1,C. Rozee,PA
21,PA vs SYD,2,Z. Butters,PA
21,PA vs SYD,3,D. Houston,PA
21,GWS vs HAW,1,J. Hogan,GWS
21,GWS vs HAW,2,K. Amon,HAW
21,GWS vs HAW,3,L. Whitfield,GWS
21,ESS vs FRE,1,D. Parish,ESS
21,ESS vs FRE,2,L. Ryan,FRE
21,ESS vs FRE,3,J. Caldwell,ESS
21,STK vs BRI,1,R. Marshall,STK
21,STK vs BRI,2,L. Neale,BRI
21,STK vs BRI,3,J. Sinclair,STK
22,SYD vs COL,1,D. Cameron,COL
22,SYD vs COL,2,I. Heeney,SYD
22,SYD vs COL,3,C. Warner,SYD
22,BRI vs GWS,1,C. Cameron,BRI
22,BRI vs GWS,2,F. Callaghan,GWS
22,BRI vs GWS,3,W. Ashcroft,BRI
22,NM vs WC,1,C. Mckercher,NM
22,NM vs WC,2,H. Sheezel,NM
22,NM vs WC,3,T. Xerri,NM
22,FRE vs GEEL,1,C. Serong,FRE
22,FRE vs GEEL,2,J. Sharp,FRE
22,FRE vs GEEL,3,L. Ryan,FRE
22,ESS vs GC,1,M. Redman,ESS
22,ESS vs GC,2,Z. Merrett,ESS
22,ESS vs GC,3,N. Martin,ESS
22,MEL vs PA,1,Z. Butters,PA
22,MEL vs PA,2,K. Pickett,MEL
22,MEL vs PA,3,J. Horne-Francis,PA
22,CAR vs HAW,1,J. Sicily,HAW
22,CAR vs HAW,2,D. Moore,HAW
22,CAR vs HAW,3,M. Kennedy,CAR
22,RICH vs STK,1,J. Sinclair,STK
22,RICH vs STK,2,D. Rioli,RICH
22,RICH vs STK,3,R. Marshall,STK
22,ADE vs WB,1,B. Keays,ADE
22,ADE vs WB,2,L. Sholl,ADE
22,ADE vs WB,3,M. Bontempelli,WB
23,ESS vs SYD,1,A. McGrath,ESS
23,ESS vs SYD,2,J. Caldwell,ESS
23,ESS vs SYD,3,N. Martin,ESS
23,GC vs MEL,1,N. Anderson,GC
23,GC vs MEL,2,J. Viney,MEL
23,GC vs MEL,3,E. Langdon,MEL
23,GWS vs FRE,1,A. Brayshaw,FRE
23,GWS vs FRE,2,Tom Green,GWS
23,GWS vs FRE,3,B. Daniels,GWS
23,COL vs BRI,1,S. Sidebottom,COL
23,COL vs BRI,2,J. Howe,COL
23,COL vs BRI,3,N. Daicos,COL
23,PA vs ADE,1,J. Dawson,ADE
23,PA vs ADE,2,M. Crouch,ADE
23,PA vs ADE,3,Z. Butters,PA
23,STK vs GEEL,1,R. Marshall,STK
23,STK vs GEEL,2,C. Wilkie,STK
23,STK vs GEEL,3,J. Steele,STK
23,WB vs NM,1,A. Treloar,WB
23,WB vs NM,2,J. Freijah,WB
23,WB vs NM,3,S. Darcy,WB
23,HAW vs RICH,1,J. Gunston,HAW
23,HAW vs RICH,2,D. Moore,HAW
23,HAW vs RICH,3,J. Newcombe,HAW
23,WC vs CAR,1,M. Kennedy,CAR
23,WC vs CAR,2,N. Newman,CAR
23,WC vs CAR,3,G. Hewett,CAR
24,MEL vs COL,1,J. Daicos,COL
24,MEL vs COL,2,P. Lipinski,COL
24,MEL vs COL,3,N. Daicos,COL
24,HAW vs NM,1,J. Newcombe,HAW
24,HAW vs NM,2,J. Simpkin,NM
24,HAW vs NM,3,M. D'Ambrosio,HAW
24,GEEL vs WC,1,P. Dangerfield,GEEL
24,GEEL vs WC,2,R. Stanley,GEEL
24,GEEL vs WC,3,J. Cameron,GEEL
24,RICH vs GC,1,D. Rioli,RICH
24,RICH vs GC,2,N. Anderson,GC
24,RICH vs GC,3,T. Taranto,RICH
24,BRI vs ESS,1,L. Neale,BRI
24,BRI vs ESS,2,W. Ashcroft,BRI
24,BRI vs ESS,3,Z. Merrett,ESS
24,SYD vs ADE,1,C. Mills,SYD
24,SYD vs ADE,2,M. Roberts,SYD
24,SYD vs ADE,3,N. Blakey,SYD
24,WB vs GWS,1,E. Richards,WB
24,WB vs GWS,2,Tom Green,GWS
24,WB vs GWS,3,L. Whitfield,GWS
24,CAR vs STK,1,M. Phillipou,STK
24,CAR vs STK,2,S. Walsh,CAR
24,CAR vs STK,3,N. Newman,CAR
24,FRE vs PA,1,Z. Butters,PA
24,FRE vs PA,2,O. Wines,PA
24,FRE vs PA,3,A. Brayshaw,FRE